"","franchID","year","WAR"
"ANA","ANA",1961,32
"ANA1","ANA",1962,32.9
"ANA2","ANA",1963,27.8
"ANA3","ANA",1964,36.2
"ANA4","ANA",1965,32.3
"ANA5","ANA",1966,27.8
"ANA6","ANA",1967,30.8
"ANA7","ANA",1968,23
"ANA8","ANA",1969,24.5
"ANA9","ANA",1970,31.8
"ANA10","ANA",1971,26.6
"ANA11","ANA",1972,27.2
"ANA12","ANA",1973,27.6
"ANA13","ANA",1974,31.9
"ANA14","ANA",1975,22.1
"ANA15","ANA",1976,26.3
"ANA16","ANA",1977,29.7
"ANA17","ANA",1978,30
"ANA18","ANA",1979,39.8
"ANA19","ANA",1980,20
"ANA20","ANA",1981,24
"ANA21","ANA",1982,53.7
"ANA22","ANA",1983,28.2
"ANA23","ANA",1984,31.6
"ANA24","ANA",1985,35.5
"ANA25","ANA",1986,50.3
"ANA26","ANA",1987,32.7
"ANA27","ANA",1988,28.8
"ANA28","ANA",1989,42.3
"ANA29","ANA",1990,36.7
"ANA30","ANA",1991,26.4
"ANA31","ANA",1992,18.9
"ANA32","ANA",1993,20.4
"ANA33","ANA",1994,14.9
"ANA34","ANA",1995,38.8
"ANA35","ANA",1996,25
"ANA36","ANA",1997,32.9
"ANA37","ANA",1998,25.6
"ANA38","ANA",1999,22.9
"ANA39","ANA",2000,36
"ANA40","ANA",2001,31.6
"ANA41","ANA",2002,46.2
"ANA42","ANA",2003,35.9
"ANA43","ANA",2004,46.4
"ANA44","ANA",2005,43.2
"ANA45","ANA",2006,40.1
"ANA46","ANA",2007,45.5
"ANA47","ANA",2008,38.9
"ANA48","ANA",2009,45.3
"ANA49","ANA",2010,31.9
"ANA50","ANA",2011,40.4
"ANA51","ANA",2012,47.2
"ANA52","ANA",2013,36.1
"ANA53","ANA",2014,48.3
"ANA54","ANA",2015,33.8
"ANA55","ANA",2016,27.5
"ANA56","ANA",2017,34.4
"BAL","BAL",1903,22.4
"BAL1","BAL",1904,20.9
"BAL2","BAL",1905,21.1
"BAL3","BAL",1906,36.3
"BAL4","BAL",1907,32.5
"BAL5","BAL",1908,36.7
"BAL6","BAL",1909,18.7
"BAL7","BAL",1910,12.9
"BAL8","BAL",1911,14.9
"BAL9","BAL",1912,24.7
"BAL10","BAL",1913,25.3
"BAL11","BAL",1914,22.3
"BAL12","BAL",1915,24.4
"BAL13","BAL",1916,33.6
"BAL14","BAL",1917,21.7
"BAL15","BAL",1918,26.3
"BAL16","BAL",1919,23.6
"BAL17","BAL",1920,40
"BAL18","BAL",1921,33.6
"BAL19","BAL",1922,53.2
"BAL20","BAL",1923,29.7
"BAL21","BAL",1924,28.8
"BAL22","BAL",1925,26.5
"BAL23","BAL",1926,15.3
"BAL24","BAL",1927,15.4
"BAL25","BAL",1928,29.4
"BAL26","BAL",1929,30
"BAL27","BAL",1930,18.9
"BAL28","BAL",1931,23.2
"BAL29","BAL",1932,22.7
"BAL30","BAL",1933,16.2
"BAL31","BAL",1934,16.7
"BAL32","BAL",1935,21.2
"BAL33","BAL",1936,14.5
"BAL34","BAL",1937,20
"BAL35","BAL",1938,21.5
"BAL36","BAL",1939,15.8
"BAL37","BAL",1940,22.6
"BAL38","BAL",1941,32.7
"BAL39","BAL",1942,38.4
"BAL40","BAL",1943,30.9
"BAL41","BAL",1944,34.8
"BAL42","BAL",1945,30.6
"BAL43","BAL",1946,26.9
"BAL44","BAL",1947,20
"BAL45","BAL",1948,22.7
"BAL46","BAL",1949,18
"BAL47","BAL",1950,14.5
"BAL48","BAL",1951,14.3
"BAL49","BAL",1952,27.5
"BAL50","BAL",1953,25.7
"BAL51","BAL",1954,20.1
"BAL52","BAL",1955,20.3
"BAL53","BAL",1956,30.3
"BAL54","BAL",1957,41.4
"BAL55","BAL",1958,32.3
"BAL56","BAL",1959,32.4
"BAL57","BAL",1960,42
"BAL58","BAL",1961,46.4
"BAL59","BAL",1962,35.4
"BAL60","BAL",1963,35.3
"BAL61","BAL",1964,47.1
"BAL62","BAL",1965,42.7
"BAL63","BAL",1966,49.9
"BAL64","BAL",1967,41.1
"BAL65","BAL",1968,46.8
"BAL66","BAL",1969,65.4
"BAL67","BAL",1970,58
"BAL68","BAL",1971,56.8
"BAL69","BAL",1972,42.3
"BAL70","BAL",1973,55.2
"BAL71","BAL",1974,43.4
"BAL72","BAL",1975,45.9
"BAL73","BAL",1976,36.5
"BAL74","BAL",1977,41.3
"BAL75","BAL",1978,44.2
"BAL76","BAL",1979,51.2
"BAL77","BAL",1980,47.4
"BAL78","BAL",1981,20.6
"BAL79","BAL",1982,45.6
"BAL80","BAL",1983,45.3
"BAL81","BAL",1984,37.9
"BAL82","BAL",1985,36.4
"BAL83","BAL",1986,31.7
"BAL84","BAL",1987,21.7
"BAL85","BAL",1988,13.4
"BAL86","BAL",1989,31.1
"BAL87","BAL",1990,28.4
"BAL88","BAL",1991,36
"BAL89","BAL",1992,42.8
"BAL90","BAL",1993,41.9
"BAL91","BAL",1994,32.9
"BAL92","BAL",1995,36
"BAL93","BAL",1996,38.3
"BAL94","BAL",1997,43.5
"BAL95","BAL",1998,42.4
"BAL96","BAL",1999,40.4
"BAL97","BAL",2000,30.5
"BAL98","BAL",2001,19.4
"BAL99","BAL",2002,25.1
"BAL100","BAL",2003,29.8
"BAL101","BAL",2004,42.6
"BAL102","BAL",2005,35.6
"BAL103","BAL",2006,27.9
"BAL104","BAL",2007,29.3
"BAL105","BAL",2008,27.4
"BAL106","BAL",2009,22.2
"BAL107","BAL",2010,24
"BAL108","BAL",2011,22.1
"BAL109","BAL",2012,34.2
"BAL110","BAL",2013,41.8
"BAL111","BAL",2014,43.5
"BAL112","BAL",2015,36.6
"BAL113","BAL",2016,35.4
"BAL114","BAL",2017,25.2
"BOS","BOS",1903,43.8
"BOS1","BOS",1904,40.4
"BOS2","BOS",1905,34.2
"BOS3","BOS",1906,19.7
"BOS4","BOS",1907,27.5
"BOS5","BOS",1908,34.4
"BOS6","BOS",1909,38.3
"BOS7","BOS",1910,43.8
"BOS8","BOS",1911,38.6
"BOS9","BOS",1912,48.6
"BOS10","BOS",1913,39.3
"BOS11","BOS",1914,40.8
"BOS12","BOS",1915,43.2
"BOS13","BOS",1916,34.6
"BOS14","BOS",1917,37.6
"BOS15","BOS",1918,33.4
"BOS16","BOS",1919,30.2
"BOS17","BOS",1920,30.7
"BOS18","BOS",1921,24.3
"BOS19","BOS",1922,14.3
"BOS20","BOS",1923,10.8
"BOS21","BOS",1924,25
"BOS22","BOS",1925,19.5
"BOS23","BOS",1926,18.8
"BOS24","BOS",1927,14.2
"BOS25","BOS",1928,22.3
"BOS26","BOS",1929,18.5
"BOS27","BOS",1930,16.1
"BOS28","BOS",1931,21.1
"BOS29","BOS",1932,14.5
"BOS30","BOS",1933,28.6
"BOS31","BOS",1934,32
"BOS32","BOS",1935,34.1
"BOS33","BOS",1936,29.9
"BOS34","BOS",1937,31.8
"BOS35","BOS",1938,42
"BOS36","BOS",1939,41.2
"BOS37","BOS",1940,37.7
"BOS38","BOS",1941,44.2
"BOS39","BOS",1942,48.5
"BOS40","BOS",1943,24.9
"BOS41","BOS",1944,34.7
"BOS42","BOS",1945,30.9
"BOS43","BOS",1946,54.7
"BOS44","BOS",1947,44.6
"BOS45","BOS",1948,51.5
"BOS46","BOS",1949,55.9
"BOS47","BOS",1950,51
"BOS48","BOS",1951,45
"BOS49","BOS",1952,34.6
"BOS50","BOS",1953,35.4
"BOS51","BOS",1954,40.6
"BOS52","BOS",1955,47.6
"BOS53","BOS",1956,48.7
"BOS54","BOS",1957,46.3
"BOS55","BOS",1958,41.7
"BOS56","BOS",1959,35.6
"BOS57","BOS",1960,30.4
"BOS58","BOS",1961,26.2
"BOS59","BOS",1962,33.6
"BOS60","BOS",1963,37.6
"BOS61","BOS",1964,33.9
"BOS62","BOS",1965,35.4
"BOS63","BOS",1966,32.6
"BOS64","BOS",1967,48.8
"BOS65","BOS",1968,41.2
"BOS66","BOS",1969,41.5
"BOS67","BOS",1970,49
"BOS68","BOS",1971,42.4
"BOS69","BOS",1972,38
"BOS70","BOS",1973,44.8
"BOS71","BOS",1974,40.9
"BOS72","BOS",1975,44.3
"BOS73","BOS",1976,38
"BOS74","BOS",1977,47.5
"BOS75","BOS",1978,41.9
"BOS76","BOS",1979,48.3
"BOS77","BOS",1980,40.4
"BOS78","BOS",1981,25.3
"BOS79","BOS",1982,33
"BOS80","BOS",1983,27.6
"BOS81","BOS",1984,40.4
"BOS82","BOS",1985,45.8
"BOS83","BOS",1986,40.2
"BOS84","BOS",1987,37.2
"BOS85","BOS",1988,50.5
"BOS86","BOS",1989,43.6
"BOS87","BOS",1990,38.9
"BOS88","BOS",1991,37.6
"BOS89","BOS",1992,23.4
"BOS90","BOS",1993,37.1
"BOS91","BOS",1994,18.8
"BOS92","BOS",1995,48.3
"BOS93","BOS",1996,33.8
"BOS94","BOS",1997,41.4
"BOS95","BOS",1998,46.7
"BOS96","BOS",1999,47.6
"BOS97","BOS",2000,40.7
"BOS98","BOS",2001,35.8
"BOS99","BOS",2002,48.8
"BOS100","BOS",2003,54.9
"BOS101","BOS",2004,47.7
"BOS102","BOS",2005,42.8
"BOS103","BOS",2006,33.6
"BOS104","BOS",2007,49.6
"BOS105","BOS",2008,51.5
"BOS106","BOS",2009,44.3
"BOS107","BOS",2010,44.3
"BOS108","BOS",2011,52.2
"BOS109","BOS",2012,31.4
"BOS110","BOS",2013,53.7
"BOS111","BOS",2014,32.1
"BOS112","BOS",2015,37.1
"BOS113","BOS",2016,53.9
"BOS114","BOS",2017,44.5
"CHW","CHW",1903,19.3
"CHW1","CHW",1904,39.6
"CHW2","CHW",1905,42.1
"CHW3","CHW",1906,36.5
"CHW4","CHW",1907,37
"CHW5","CHW",1908,39.1
"CHW6","CHW",1909,31.8
"CHW7","CHW",1910,24.7
"CHW8","CHW",1911,37.7
"CHW9","CHW",1912,30.9
"CHW10","CHW",1913,26.8
"CHW11","CHW",1914,32.8
"CHW12","CHW",1915,50.8
"CHW13","CHW",1916,42.7
"CHW14","CHW",1917,40.9
"CHW15","CHW",1918,28.1
"CHW16","CHW",1919,44.2
"CHW17","CHW",1920,42.1
"CHW18","CHW",1921,25.1
"CHW19","CHW",1922,31.9
"CHW20","CHW",1923,34.1
"CHW21","CHW",1924,32.4
"CHW22","CHW",1925,35.2
"CHW23","CHW",1926,40
"CHW24","CHW",1927,29.5
"CHW25","CHW",1928,21.5
"CHW26","CHW",1929,16.8
"CHW27","CHW",1930,26.7
"CHW28","CHW",1931,11.6
"CHW29","CHW",1932,17.2
"CHW30","CHW",1933,26.2
"CHW31","CHW",1934,16
"CHW32","CHW",1935,27.6
"CHW33","CHW",1936,33.7
"CHW34","CHW",1937,32.9
"CHW35","CHW",1938,27.8
"CHW36","CHW",1939,35.2
"CHW37","CHW",1940,34.1
"CHW38","CHW",1941,29.7
"CHW39","CHW",1942,22.4
"CHW40","CHW",1943,29.2
"CHW41","CHW",1944,21.3
"CHW42","CHW",1945,26.1
"CHW43","CHW",1946,27.8
"CHW44","CHW",1947,23.9
"CHW45","CHW",1948,14.8
"CHW46","CHW",1949,27.8
"CHW47","CHW",1950,26.1
"CHW48","CHW",1951,42
"CHW49","CHW",1952,39.6
"CHW50","CHW",1953,34.2
"CHW51","CHW",1954,50.3
"CHW52","CHW",1955,49.8
"CHW53","CHW",1956,47.6
"CHW54","CHW",1957,45.7
"CHW55","CHW",1958,34
"CHW56","CHW",1959,41.7
"CHW57","CHW",1960,43.8
"CHW58","CHW",1961,37.6
"CHW59","CHW",1962,39.3
"CHW60","CHW",1963,48.7
"CHW61","CHW",1964,47.9
"CHW62","CHW",1965,42.8
"CHW63","CHW",1966,39.8
"CHW64","CHW",1967,36.9
"CHW65","CHW",1968,27
"CHW66","CHW",1969,27.6
"CHW67","CHW",1970,20.7
"CHW68","CHW",1971,45
"CHW69","CHW",1972,34.3
"CHW70","CHW",1973,26.5
"CHW71","CHW",1974,34.9
"CHW72","CHW",1975,24.7
"CHW73","CHW",1976,20.6
"CHW74","CHW",1977,32.9
"CHW75","CHW",1978,19.4
"CHW76","CHW",1979,31.6
"CHW77","CHW",1980,20.4
"CHW78","CHW",1981,26
"CHW79","CHW",1982,40.3
"CHW80","CHW",1983,46.4
"CHW81","CHW",1984,29.4
"CHW82","CHW",1985,26.7
"CHW83","CHW",1986,27.3
"CHW84","CHW",1987,32.2
"CHW85","CHW",1988,17.6
"CHW86","CHW",1989,20.1
"CHW87","CHW",1990,35.9
"CHW88","CHW",1991,39.6
"CHW89","CHW",1992,39.9
"CHW90","CHW",1993,46.1
"CHW91","CHW",1994,37.5
"CHW92","CHW",1995,29.1
"CHW93","CHW",1996,42.2
"CHW94","CHW",1997,32.9
"CHW95","CHW",1998,29.2
"CHW96","CHW",1999,23.7
"CHW97","CHW",2000,42.7
"CHW98","CHW",2001,36.5
"CHW99","CHW",2002,37.6
"CHW100","CHW",2003,47.6
"CHW101","CHW",2004,38.8
"CHW102","CHW",2005,44.7
"CHW103","CHW",2006,40.1
"CHW104","CHW",2007,27.7
"CHW105","CHW",2008,40.6
"CHW106","CHW",2009,33.3
"CHW107","CHW",2010,42.7
"CHW108","CHW",2011,40.9
"CHW109","CHW",2012,37.3
"CHW110","CHW",2013,26
"CHW111","CHW",2014,28.4
"CHW112","CHW",2015,30.3
"CHW113","CHW",2016,34
"CHW114","CHW",2017,23.8
"CLE","CLE",1903,38.3
"CLE1","CLE",1904,43.9
"CLE2","CLE",1905,35.2
"CLE3","CLE",1906,51.7
"CLE4","CLE",1907,35.7
"CLE5","CLE",1908,38.5
"CLE6","CLE",1909,32.8
"CLE7","CLE",1910,30.4
"CLE8","CLE",1911,34.9
"CLE9","CLE",1912,35
"CLE10","CLE",1913,38.2
"CLE11","CLE",1914,23.6
"CLE12","CLE",1915,32.2
"CLE13","CLE",1916,37.6
"CLE14","CLE",1917,38.6
"CLE15","CLE",1918,35.1
"CLE16","CLE",1919,41.4
"CLE17","CLE",1920,52.1
"CLE18","CLE",1921,49
"CLE19","CLE",1922,38.7
"CLE20","CLE",1923,48.8
"CLE21","CLE",1924,37.1
"CLE22","CLE",1925,37.9
"CLE23","CLE",1926,37.4
"CLE24","CLE",1927,25.3
"CLE25","CLE",1928,28.8
"CLE26","CLE",1929,32.4
"CLE27","CLE",1930,33.2
"CLE28","CLE",1931,38.5
"CLE29","CLE",1932,40.9
"CLE30","CLE",1933,25.4
"CLE31","CLE",1934,39.9
"CLE32","CLE",1935,38.9
"CLE33","CLE",1936,41.3
"CLE34","CLE",1937,36.4
"CLE35","CLE",1938,37.9
"CLE36","CLE",1939,37.1
"CLE37","CLE",1940,38.7
"CLE38","CLE",1941,33.3
"CLE39","CLE",1942,30.1
"CLE40","CLE",1943,37.8
"CLE41","CLE",1944,37.2
"CLE42","CLE",1945,33.5
"CLE43","CLE",1946,30.7
"CLE44","CLE",1947,37.5
"CLE45","CLE",1948,57.2
"CLE46","CLE",1949,41.9
"CLE47","CLE",1950,42.2
"CLE48","CLE",1951,40.6
"CLE49","CLE",1952,46.9
"CLE50","CLE",1953,46.3
"CLE51","CLE",1954,51.4
"CLE52","CLE",1955,44.4
"CLE53","CLE",1956,39.6
"CLE54","CLE",1957,27.4
"CLE55","CLE",1958,36.5
"CLE56","CLE",1959,37.9
"CLE57","CLE",1960,29.6
"CLE58","CLE",1961,31.2
"CLE59","CLE",1962,27.3
"CLE60","CLE",1963,29.7
"CLE61","CLE",1964,29.9
"CLE62","CLE",1965,44.5
"CLE63","CLE",1966,33.7
"CLE64","CLE",1967,31.6
"CLE65","CLE",1968,38.7
"CLE66","CLE",1969,23.7
"CLE67","CLE",1970,33
"CLE68","CLE",1971,14.9
"CLE69","CLE",1972,25.3
"CLE70","CLE",1973,18.8
"CLE71","CLE",1974,28.5
"CLE72","CLE",1975,30.9
"CLE73","CLE",1976,34.7
"CLE74","CLE",1977,32.7
"CLE75","CLE",1978,29.2
"CLE76","CLE",1979,27.5
"CLE77","CLE",1980,30.1
"CLE78","CLE",1981,18.5
"CLE79","CLE",1982,34.1
"CLE80","CLE",1983,25.4
"CLE81","CLE",1984,30.4
"CLE82","CLE",1985,14.6
"CLE83","CLE",1986,27.5
"CLE84","CLE",1987,14.8
"CLE85","CLE",1988,28.1
"CLE86","CLE",1989,28.8
"CLE87","CLE",1990,25.8
"CLE88","CLE",1991,26
"CLE89","CLE",1992,28.9
"CLE90","CLE",1993,24.8
"CLE91","CLE",1994,34
"CLE92","CLE",1995,48.2
"CLE93","CLE",1996,52.5
"CLE94","CLE",1997,43.8
"CLE95","CLE",1998,43.4
"CLE96","CLE",1999,51.4
"CLE97","CLE",2000,49.3
"CLE98","CLE",2001,44.8
"CLE99","CLE",2002,34.1
"CLE100","CLE",2003,29.9
"CLE101","CLE",2004,37.5
"CLE102","CLE",2005,51.4
"CLE103","CLE",2006,40.8
"CLE104","CLE",2007,45.9
"CLE105","CLE",2008,39.6
"CLE106","CLE",2009,27.3
"CLE107","CLE",2010,24.7
"CLE108","CLE",2011,31
"CLE109","CLE",2012,23.9
"CLE110","CLE",2013,37.6
"CLE111","CLE",2014,40.8
"CLE112","CLE",2015,43.9
"CLE113","CLE",2016,45.2
"CLE114","CLE",2017,60.7
"DET","DET",1903,29.9
"DET1","DET",1904,16.5
"DET2","DET",1905,24.3
"DET3","DET",1906,16.3
"DET4","DET",1907,34.5
"DET5","DET",1908,40.5
"DET6","DET",1909,45.7
"DET7","DET",1910,34.9
"DET8","DET",1911,35.9
"DET9","DET",1912,34.2
"DET10","DET",1913,33.3
"DET11","DET",1914,38.8
"DET12","DET",1915,49.1
"DET13","DET",1916,37.4
"DET14","DET",1917,36.2
"DET15","DET",1918,22.6
"DET16","DET",1919,31.4
"DET17","DET",1920,20.9
"DET18","DET",1921,36.8
"DET19","DET",1922,39.7
"DET20","DET",1923,42.1
"DET21","DET",1924,41.5
"DET22","DET",1925,40.4
"DET23","DET",1926,32.6
"DET24","DET",1927,33.7
"DET25","DET",1928,25.3
"DET26","DET",1929,37
"DET27","DET",1930,31
"DET28","DET",1931,22.9
"DET29","DET",1932,29.6
"DET30","DET",1933,31.8
"DET31","DET",1934,51.3
"DET32","DET",1935,49
"DET33","DET",1936,39.2
"DET34","DET",1937,41
"DET35","DET",1938,32.2
"DET36","DET",1939,42.5
"DET37","DET",1940,48.2
"DET38","DET",1941,34.5
"DET39","DET",1942,29.6
"DET40","DET",1943,39.6
"DET41","DET",1944,41.5
"DET42","DET",1945,39.4
"DET43","DET",1946,48.1
"DET44","DET",1947,43.2
"DET45","DET",1948,37.5
"DET46","DET",1949,39.4
"DET47","DET",1950,44.3
"DET48","DET",1951,31.4
"DET49","DET",1952,25.3
"DET50","DET",1953,28
"DET51","DET",1954,26.8
"DET52","DET",1955,41.2
"DET53","DET",1956,44.2
"DET54","DET",1957,33.9
"DET55","DET",1958,40.5
"DET56","DET",1959,38.8
"DET57","DET",1960,35.8
"DET58","DET",1961,54.2
"DET59","DET",1962,37.7
"DET60","DET",1963,34.6
"DET61","DET",1964,40.8
"DET62","DET",1965,38.3
"DET63","DET",1966,36.6
"DET64","DET",1967,48
"DET65","DET",1968,53.3
"DET66","DET",1969,43.2
"DET67","DET",1970,30
"DET68","DET",1971,43.3
"DET69","DET",1972,36.3
"DET70","DET",1973,30.7
"DET71","DET",1974,18.2
"DET72","DET",1975,13.7
"DET73","DET",1976,23.4
"DET74","DET",1977,29.8
"DET75","DET",1978,39.3
"DET76","DET",1979,32.3
"DET77","DET",1980,35.9
"DET78","DET",1981,27.9
"DET79","DET",1982,39
"DET80","DET",1983,48.1
"DET81","DET",1984,55.1
"DET82","DET",1985,43.8
"DET83","DET",1986,42.9
"DET84","DET",1987,48.6
"DET85","DET",1988,37
"DET86","DET",1989,15
"DET87","DET",1990,29.1
"DET88","DET",1991,39.2
"DET89","DET",1992,33.4
"DET90","DET",1993,34.8
"DET91","DET",1994,18
"DET92","DET",1995,11.2
"DET93","DET",1996,3.2
"DET94","DET",1997,24.3
"DET95","DET",1998,30.9
"DET96","DET",1999,27.8
"DET97","DET",2000,37.2
"DET98","DET",2001,18.2
"DET99","DET",2002,18.8
"DET100","DET",2003,8.8
"DET101","DET",2004,35
"DET102","DET",2005,33.4
"DET103","DET",2006,42.4
"DET104","DET",2007,44.2
"DET105","DET",2008,27.7
"DET106","DET",2009,33.8
"DET107","DET",2010,42.3
"DET108","DET",2011,42.2
"DET109","DET",2012,49.2
"DET110","DET",2013,54.9
"DET111","DET",2014,42.8
"DET112","DET",2015,33.5
"DET113","DET",2016,37
"DET114","DET",2017,28.5
"KCR","KCR",1969,29.2
"KCR1","KCR",1970,26.9
"KCR2","KCR",1971,37.9
"KCR3","KCR",1972,41.4
"KCR4","KCR",1973,30.2
"KCR5","KCR",1974,33.3
"KCR6","KCR",1975,40.5
"KCR7","KCR",1976,40.4
"KCR8","KCR",1977,50.5
"KCR9","KCR",1978,42.4
"KCR10","KCR",1979,34.7
"KCR11","KCR",1980,43
"KCR12","KCR",1981,21.5
"KCR13","KCR",1982,37.6
"KCR14","KCR",1983,24.6
"KCR15","KCR",1984,35.2
"KCR16","KCR",1985,37.9
"KCR17","KCR",1986,31.2
"KCR18","KCR",1987,35.7
"KCR19","KCR",1988,36
"KCR20","KCR",1989,38.8
"KCR21","KCR",1990,27.4
"KCR22","KCR",1991,34.4
"KCR23","KCR",1992,22.8
"KCR24","KCR",1993,33.3
"KCR25","KCR",1994,24.3
"KCR26","KCR",1995,27
"KCR27","KCR",1996,27.6
"KCR28","KCR",1997,33.4
"KCR29","KCR",1998,22.9
"KCR30","KCR",1999,27.5
"KCR31","KCR",2000,24.1
"KCR32","KCR",2001,20
"KCR33","KCR",2002,23.9
"KCR34","KCR",2003,28.6
"KCR35","KCR",2004,18.9
"KCR36","KCR",2005,17.4
"KCR37","KCR",2006,23
"KCR38","KCR",2007,28.3
"KCR39","KCR",2008,30.3
"KCR40","KCR",2009,25.4
"KCR41","KCR",2010,20.5
"KCR42","KCR",2011,30.9
"KCR43","KCR",2012,33.6
"KCR44","KCR",2013,41
"KCR45","KCR",2014,40.7
"KCR46","KCR",2015,39.2
"KCR47","KCR",2016,24.7
"KCR48","KCR",2017,29.5
"MIN","MIN",1903,10.1
"MIN1","MIN",1904,9.6
"MIN2","MIN",1905,21.7
"MIN3","MIN",1906,19.1
"MIN4","MIN",1907,28.4
"MIN5","MIN",1908,31.2
"MIN6","MIN",1909,18.6
"MIN7","MIN",1910,31.3
"MIN8","MIN",1911,22.3
"MIN9","MIN",1912,37.8
"MIN10","MIN",1913,35.8
"MIN11","MIN",1914,33.9
"MIN12","MIN",1915,37.3
"MIN13","MIN",1916,34
"MIN14","MIN",1917,29.6
"MIN15","MIN",1918,31.4
"MIN16","MIN",1919,29.2
"MIN17","MIN",1920,27.2
"MIN18","MIN",1921,29.3
"MIN19","MIN",1922,26.2
"MIN20","MIN",1923,29.7
"MIN21","MIN",1924,43.4
"MIN22","MIN",1925,44.8
"MIN23","MIN",1926,33.7
"MIN24","MIN",1927,37.5
"MIN25","MIN",1928,39.7
"MIN26","MIN",1929,34.7
"MIN27","MIN",1930,49.6
"MIN28","MIN",1931,39.5
"MIN29","MIN",1932,39.3
"MIN30","MIN",1933,45
"MIN31","MIN",1934,31.8
"MIN32","MIN",1935,28.5
"MIN33","MIN",1936,36.6
"MIN34","MIN",1937,29.6
"MIN35","MIN",1938,35.3
"MIN36","MIN",1939,33.3
"MIN37","MIN",1940,24
"MIN38","MIN",1941,28.9
"MIN39","MIN",1942,27.3
"MIN40","MIN",1943,38.1
"MIN41","MIN",1944,27.4
"MIN42","MIN",1945,38.5
"MIN43","MIN",1946,27.9
"MIN44","MIN",1947,20.8
"MIN45","MIN",1948,11.4
"MIN46","MIN",1949,19.4
"MIN47","MIN",1950,26.9
"MIN48","MIN",1951,22.9
"MIN49","MIN",1952,26.4
"MIN50","MIN",1953,33.9
"MIN51","MIN",1954,29.7
"MIN52","MIN",1955,20.4
"MIN53","MIN",1956,13.2
"MIN54","MIN",1957,16.1
"MIN55","MIN",1958,16.8
"MIN56","MIN",1959,27.3
"MIN57","MIN",1960,31.4
"MIN58","MIN",1961,34.8
"MIN59","MIN",1962,45.9
"MIN60","MIN",1963,50
"MIN61","MIN",1964,46.3
"MIN62","MIN",1965,45.3
"MIN63","MIN",1966,47
"MIN64","MIN",1967,43.9
"MIN65","MIN",1968,41.4
"MIN66","MIN",1969,53.9
"MIN67","MIN",1970,49.4
"MIN68","MIN",1971,33.3
"MIN69","MIN",1972,38.4
"MIN70","MIN",1973,44.1
"MIN71","MIN",1974,40.1
"MIN72","MIN",1975,33.1
"MIN73","MIN",1976,39.1
"MIN74","MIN",1977,34.2
"MIN75","MIN",1978,37.3
"MIN76","MIN",1979,36.1
"MIN77","MIN",1980,30.6
"MIN78","MIN",1981,6.9
"MIN79","MIN",1982,16
"MIN80","MIN",1983,21.1
"MIN81","MIN",1984,30.6
"MIN82","MIN",1985,32.7
"MIN83","MIN",1986,25.6
"MIN84","MIN",1987,26.9
"MIN85","MIN",1988,42.1
"MIN86","MIN",1989,30.9
"MIN87","MIN",1990,26.5
"MIN88","MIN",1991,42.6
"MIN89","MIN",1992,43.5
"MIN90","MIN",1993,20.7
"MIN91","MIN",1994,17.5
"MIN92","MIN",1995,17.8
"MIN93","MIN",1996,30.3
"MIN94","MIN",1997,24.8
"MIN95","MIN",1998,9.6
"MIN96","MIN",1999,13.5
"MIN97","MIN",2000,17.9
"MIN98","MIN",2001,33.7
"MIN99","MIN",2002,43.4
"MIN100","MIN",2003,42.9
"MIN101","MIN",2004,41.1
"MIN102","MIN",2005,35.9
"MIN103","MIN",2006,46.9
"MIN104","MIN",2007,32.8
"MIN105","MIN",2008,35.1
"MIN106","MIN",2009,38
"MIN107","MIN",2010,47
"MIN108","MIN",2011,19
"MIN109","MIN",2012,23.3
"MIN110","MIN",2013,21.6
"MIN111","MIN",2014,33.6
"MIN112","MIN",2015,29.7
"MIN113","MIN",2016,21.6
"MIN114","MIN",2017,36.1
"NYY","NYY",1903,27.9
"NYY1","NYY",1904,44.1
"NYY2","NYY",1905,29.8
"NYY3","NYY",1906,37.6
"NYY4","NYY",1907,23.3
"NYY5","NYY",1908,15
"NYY6","NYY",1909,26.8
"NYY7","NYY",1910,40.4
"NYY8","NYY",1911,37.6
"NYY9","NYY",1912,25.8
"NYY10","NYY",1913,21.9
"NYY11","NYY",1914,28.3
"NYY12","NYY",1915,29.1
"NYY13","NYY",1916,35.8
"NYY14","NYY",1917,32.4
"NYY15","NYY",1918,23.8
"NYY16","NYY",1919,32.3
"NYY17","NYY",1920,44.4
"NYY18","NYY",1921,52.1
"NYY19","NYY",1922,41.6
"NYY20","NYY",1923,45.9
"NYY21","NYY",1924,36.6
"NYY22","NYY",1925,31.2
"NYY23","NYY",1926,45.1
"NYY24","NYY",1927,66.3
"NYY25","NYY",1928,47.3
"NYY26","NYY",1929,45.2
"NYY27","NYY",1930,49.2
"NYY28","NYY",1931,59
"NYY29","NYY",1932,54.4
"NYY30","NYY",1933,48.6
"NYY31","NYY",1934,48.9
"NYY32","NYY",1935,41.8
"NYY33","NYY",1936,53.8
"NYY34","NYY",1937,53.4
"NYY35","NYY",1938,51.7
"NYY36","NYY",1939,59.5
"NYY37","NYY",1940,39.3
"NYY38","NYY",1941,49.4
"NYY39","NYY",1942,56.8
"NYY40","NYY",1943,51.1
"NYY41","NYY",1944,39.6
"NYY42","NYY",1945,43.7
"NYY43","NYY",1946,47.8
"NYY44","NYY",1947,47.2
"NYY45","NYY",1948,45.8
"NYY46","NYY",1949,40
"NYY47","NYY",1950,47.3
"NYY48","NYY",1951,47.8
"NYY49","NYY",1952,50.4
"NYY50","NYY",1953,48
"NYY51","NYY",1954,49
"NYY52","NYY",1955,49.7
"NYY53","NYY",1956,49.3
"NYY54","NYY",1957,47.3
"NYY55","NYY",1958,49.3
"NYY56","NYY",1959,38.5
"NYY57","NYY",1960,44.4
"NYY58","NYY",1961,54
"NYY59","NYY",1962,47.4
"NYY60","NYY",1963,48.3
"NYY61","NYY",1964,45.5
"NYY62","NYY",1965,32.2
"NYY63","NYY",1966,33.4
"NYY64","NYY",1967,25.5
"NYY65","NYY",1968,29.7
"NYY66","NYY",1969,34.6
"NYY67","NYY",1970,39.3
"NYY68","NYY",1971,37.3
"NYY69","NYY",1972,35.9
"NYY70","NYY",1973,36.1
"NYY71","NYY",1974,39.7
"NYY72","NYY",1975,42.8
"NYY73","NYY",1976,52.8
"NYY74","NYY",1977,53.2
"NYY75","NYY",1978,48.3
"NYY76","NYY",1979,40.2
"NYY77","NYY",1980,52.3
"NYY78","NYY",1981,33.8
"NYY79","NYY",1982,35.8
"NYY80","NYY",1983,45.9
"NYY81","NYY",1984,43.4
"NYY82","NYY",1985,50.1
"NYY83","NYY",1986,43.5
"NYY84","NYY",1987,36
"NYY85","NYY",1988,31.7
"NYY86","NYY",1989,31.8
"NYY87","NYY",1990,21.1
"NYY88","NYY",1991,25.9
"NYY89","NYY",1992,35.9
"NYY90","NYY",1993,44.8
"NYY91","NYY",1994,35.5
"NYY92","NYY",1995,35
"NYY93","NYY",1996,41.5
"NYY94","NYY",1997,46.3
"NYY95","NYY",1998,57
"NYY96","NYY",1999,47.1
"NYY97","NYY",2000,39.5
"NYY98","NYY",2001,45.7
"NYY99","NYY",2002,60.6
"NYY100","NYY",2003,57.3
"NYY101","NYY",2004,42.7
"NYY102","NYY",2005,41.8
"NYY103","NYY",2006,46
"NYY104","NYY",2007,49
"NYY105","NYY",2008,40.5
"NYY106","NYY",2009,55
"NYY107","NYY",2010,48.3
"NYY108","NYY",2011,57.5
"NYY109","NYY",2012,50.5
"NYY110","NYY",2013,35.8
"NYY111","NYY",2014,42.3
"NYY112","NYY",2015,41.9
"NYY113","NYY",2016,33
"NYY114","NYY",2017,56
"OAK","OAK",1903,33.4
"OAK1","OAK",1904,39.3
"OAK2","OAK",1905,44
"OAK3","OAK",1906,37.5
"OAK4","OAK",1907,41.9
"OAK5","OAK",1908,28.6
"OAK6","OAK",1909,47.9
"OAK7","OAK",1910,52.6
"OAK8","OAK",1911,45.8
"OAK9","OAK",1912,45.6
"OAK10","OAK",1913,47.3
"OAK11","OAK",1914,47
"OAK12","OAK",1915,12.6
"OAK13","OAK",1916,15.3
"OAK14","OAK",1917,26.8
"OAK15","OAK",1918,14.2
"OAK16","OAK",1919,14.3
"OAK17","OAK",1920,15.6
"OAK18","OAK",1921,19.8
"OAK19","OAK",1922,18.2
"OAK20","OAK",1923,19.1
"OAK21","OAK",1924,20.5
"OAK22","OAK",1925,40.7
"OAK23","OAK",1926,37.2
"OAK24","OAK",1927,45.7
"OAK25","OAK",1928,48.9
"OAK26","OAK",1929,48.7
"OAK27","OAK",1930,47.8
"OAK28","OAK",1931,51.9
"OAK29","OAK",1932,51.4
"OAK30","OAK",1933,35.3
"OAK31","OAK",1934,31
"OAK32","OAK",1935,26.9
"OAK33","OAK",1936,13.6
"OAK34","OAK",1937,23.3
"OAK35","OAK",1938,19.8
"OAK36","OAK",1939,14.8
"OAK37","OAK",1940,20.8
"OAK38","OAK",1941,27.9
"OAK39","OAK",1942,14.6
"OAK40","OAK",1943,15
"OAK41","OAK",1944,29.8
"OAK42","OAK",1945,21.5
"OAK43","OAK",1946,20.8
"OAK44","OAK",1947,32.5
"OAK45","OAK",1948,30.9
"OAK46","OAK",1949,32
"OAK47","OAK",1950,20.9
"OAK48","OAK",1951,36.4
"OAK49","OAK",1952,32.3
"OAK50","OAK",1953,25.2
"OAK51","OAK",1954,5.5
"OAK52","OAK",1955,15.3
"OAK53","OAK",1956,12.9
"OAK54","OAK",1957,19.5
"OAK55","OAK",1958,28.7
"OAK56","OAK",1959,28.5
"OAK57","OAK",1960,21.1
"OAK58","OAK",1961,24.1
"OAK59","OAK",1962,26.4
"OAK60","OAK",1963,25.6
"OAK61","OAK",1964,15.2
"OAK62","OAK",1965,21
"OAK63","OAK",1966,25.8
"OAK64","OAK",1967,25.2
"OAK65","OAK",1968,34.6
"OAK66","OAK",1969,40.6
"OAK67","OAK",1970,43.1
"OAK68","OAK",1971,49.2
"OAK69","OAK",1972,47.2
"OAK70","OAK",1973,47.2
"OAK71","OAK",1974,49.7
"OAK72","OAK",1975,53
"OAK73","OAK",1976,39.8
"OAK74","OAK",1977,17.5
"OAK75","OAK",1978,19.8
"OAK76","OAK",1979,-1.8
"OAK77","OAK",1980,41.3
"OAK78","OAK",1981,29.1
"OAK79","OAK",1982,16.3
"OAK80","OAK",1983,26.9
"OAK81","OAK",1984,26.5
"OAK82","OAK",1985,28.6
"OAK83","OAK",1986,31.3
"OAK84","OAK",1987,36.8
"OAK85","OAK",1988,49.1
"OAK86","OAK",1989,43.8
"OAK87","OAK",1990,50.8
"OAK88","OAK",1991,29.4
"OAK89","OAK",1992,40.8
"OAK90","OAK",1993,21.8
"OAK91","OAK",1994,18.5
"OAK92","OAK",1995,24.9
"OAK93","OAK",1996,26.2
"OAK94","OAK",1997,17.4
"OAK95","OAK",1998,21.3
"OAK96","OAK",1999,38.7
"OAK97","OAK",2000,40.7
"OAK98","OAK",2001,52.7
"OAK99","OAK",2002,47.4
"OAK100","OAK",2003,39.8
"OAK101","OAK",2004,41.7
"OAK102","OAK",2005,44.3
"OAK103","OAK",2006,36.3
"OAK104","OAK",2007,38.4
"OAK105","OAK",2008,32
"OAK106","OAK",2009,35.6
"OAK107","OAK",2010,37.9
"OAK108","OAK",2011,29
"OAK109","OAK",2012,41
"OAK110","OAK",2013,46.1
"OAK111","OAK",2014,43
"OAK112","OAK",2015,28.3
"OAK113","OAK",2016,19.4
"OAK114","OAK",2017,29.1
"SEA","SEA",1977,16.3
"SEA1","SEA",1978,13.9
"SEA2","SEA",1979,31
"SEA3","SEA",1980,15.5
"SEA4","SEA",1981,21
"SEA5","SEA",1982,28.7
"SEA6","SEA",1983,15.8
"SEA7","SEA",1984,25.2
"SEA8","SEA",1985,30.5
"SEA9","SEA",1986,19.4
"SEA10","SEA",1987,34.4
"SEA11","SEA",1988,31.4
"SEA12","SEA",1989,32.8
"SEA13","SEA",1990,40.2
"SEA14","SEA",1991,26.5
"SEA15","SEA",1992,24.6
"SEA16","SEA",1993,39.6
"SEA17","SEA",1994,25
"SEA18","SEA",1995,40.5
"SEA19","SEA",1996,48
"SEA20","SEA",1997,49.9
"SEA21","SEA",1998,43.4
"SEA22","SEA",1999,27.2
"SEA23","SEA",2000,43.9
"SEA24","SEA",2001,63.3
"SEA25","SEA",2002,50.2
"SEA26","SEA",2003,48.5
"SEA27","SEA",2004,29.3
"SEA28","SEA",2005,28
"SEA29","SEA",2006,36.8
"SEA30","SEA",2007,32.9
"SEA31","SEA",2008,22.7
"SEA32","SEA",2009,36.9
"SEA33","SEA",2010,23.6
"SEA34","SEA",2011,25.5
"SEA35","SEA",2012,30.3
"SEA36","SEA",2013,27
"SEA37","SEA",2014,36.9
"SEA38","SEA",2015,31.1
"SEA39","SEA",2016,34.4
"SEA40","SEA",2017,36.7
"TBD","TBD",1998,24.5
"TBD1","TBD",1999,21
"TBD2","TBD",2000,22.7
"TBD3","TBD",2001,13.5
"TBD4","TBD",2002,17.5
"TBD5","TBD",2003,25
"TBD6","TBD",2004,29.1
"TBD7","TBD",2005,26.9
"TBD8","TBD",2006,25.2
"TBD9","TBD",2007,30.8
"TBD10","TBD",2008,50
"TBD11","TBD",2009,49.3
"TBD12","TBD",2010,48.4
"TBD13","TBD",2011,46.9
"TBD14","TBD",2012,47.6
"TBD15","TBD",2013,46.6
"TBD16","TBD",2014,38.5
"TBD17","TBD",2015,40.1
"TBD18","TBD",2016,29.7
"TBD19","TBD",2017,38.1
"TEX","TEX",1961,28.2
"TEX1","TEX",1962,26.6
"TEX2","TEX",1963,13.2
"TEX3","TEX",1964,17.5
"TEX4","TEX",1965,15.6
"TEX5","TEX",1966,27.3
"TEX6","TEX",1967,24.5
"TEX7","TEX",1968,16.9
"TEX8","TEX",1969,36
"TEX9","TEX",1970,32.3
"TEX10","TEX",1971,16.8
"TEX11","TEX",1972,14.4
"TEX12","TEX",1973,13.5
"TEX13","TEX",1974,38.2
"TEX14","TEX",1975,30.7
"TEX15","TEX",1976,29.3
"TEX16","TEX",1977,48.4
"TEX17","TEX",1978,43.2
"TEX18","TEX",1979,40.2
"TEX19","TEX",1980,33.7
"TEX20","TEX",1981,25.1
"TEX21","TEX",1982,16.8
"TEX22","TEX",1983,35.6
"TEX23","TEX",1984,20.7
"TEX24","TEX",1985,20.6
"TEX25","TEX",1986,33
"TEX26","TEX",1987,23.7
"TEX27","TEX",1988,27
"TEX28","TEX",1989,37.4
"TEX29","TEX",1990,35.7
"TEX30","TEX",1991,35.3
"TEX31","TEX",1992,33.1
"TEX32","TEX",1993,35.2
"TEX33","TEX",1994,16.4
"TEX34","TEX",1995,27.2
"TEX35","TEX",1996,46.4
"TEX36","TEX",1997,32.8
"TEX37","TEX",1998,45.2
"TEX38","TEX",1999,44.7
"TEX39","TEX",2000,21.1
"TEX40","TEX",2001,30.9
"TEX41","TEX",2002,32
"TEX42","TEX",2003,33.6
"TEX43","TEX",2004,36.9
"TEX44","TEX",2005,37.1
"TEX45","TEX",2006,34.4
"TEX46","TEX",2007,27.2
"TEX47","TEX",2008,34.8
"TEX48","TEX",2009,35.6
"TEX49","TEX",2010,45.4
"TEX50","TEX",2011,53.3
"TEX51","TEX",2012,49.6
"TEX52","TEX",2013,43.5
"TEX53","TEX",2014,28.4
"TEX54","TEX",2015,35
"TEX55","TEX",2016,29.7
"TEX56","TEX",2017,27.8
"TOR","TOR",1977,12.1
"TOR1","TOR",1978,11.6
"TOR2","TOR",1979,10
"TOR3","TOR",1980,16.9
"TOR4","TOR",1981,6.3
"TOR5","TOR",1982,24.6
"TOR6","TOR",1983,42.4
"TOR7","TOR",1984,40.5
"TOR8","TOR",1985,44.4
"TOR9","TOR",1986,42
"TOR10","TOR",1987,49.2
"TOR11","TOR",1988,39.8
"TOR12","TOR",1989,43.9
"TOR13","TOR",1990,44.3
"TOR14","TOR",1991,42.3
"TOR15","TOR",1992,47.4
"TOR16","TOR",1993,47.2
"TOR17","TOR",1994,19.9
"TOR18","TOR",1995,17.3
"TOR19","TOR",1996,27.6
"TOR20","TOR",1997,28.2
"TOR21","TOR",1998,40.8
"TOR22","TOR",1999,40.6
"TOR23","TOR",2000,38
"TOR24","TOR",2001,33.7
"TOR25","TOR",2002,34.9
"TOR26","TOR",2003,35.9
"TOR27","TOR",2004,28.5
"TOR28","TOR",2005,34.1
"TOR29","TOR",2006,44.2
"TOR30","TOR",2007,37.1
"TOR31","TOR",2008,42.4
"TOR32","TOR",2009,37.4
"TOR33","TOR",2010,40
"TOR34","TOR",2011,29.1
"TOR35","TOR",2012,23.6
"TOR36","TOR",2013,32.3
"TOR37","TOR",2014,38.4
"TOR38","TOR",2015,49.8
"TOR39","TOR",2016,42.6
"TOR40","TOR",2017,33.6
"ARI","ARI",1998,25
"ARI1","ARI",1999,50.4
"ARI2","ARI",2000,41.4
"ARI3","ARI",2001,50.8
"ARI4","ARI",2002,51.3
"ARI5","ARI",2003,39.4
"ARI6","ARI",2004,18.2
"ARI7","ARI",2005,29.9
"ARI8","ARI",2006,32.9
"ARI9","ARI",2007,30.9
"ARI10","ARI",2008,37.4
"ARI11","ARI",2009,36
"ARI12","ARI",2010,28.3
"ARI13","ARI",2011,44.4
"ARI14","ARI",2012,40.7
"ARI15","ARI",2013,34.8
"ARI16","ARI",2014,28.7
"ARI17","ARI",2015,38.2
"ARI18","ARI",2016,27.2
"ARI19","ARI",2017,45.6
"ATL","ATL",1903,13.7
"ATL1","ATL",1904,10.9
"ATL2","ATL",1905,9.8
"ATL3","ATL",1906,12.3
"ATL4","ATL",1907,21.9
"ATL5","ATL",1908,24.2
"ATL6","ATL",1909,13.5
"ATL7","ATL",1910,20.5
"ATL8","ATL",1911,17.3
"ATL9","ATL",1912,25.9
"ATL10","ATL",1913,32.5
"ATL11","ATL",1914,37.7
"ATL12","ATL",1915,40.4
"ATL13","ATL",1916,36.8
"ATL14","ATL",1917,34.8
"ATL15","ATL",1918,22.3
"ATL16","ATL",1919,25.9
"ATL17","ATL",1920,20.3
"ATL18","ATL",1921,29.7
"ATL19","ATL",1922,11.4
"ATL20","ATL",1923,19.4
"ATL21","ATL",1924,13.6
"ATL22","ATL",1925,27.2
"ATL23","ATL",1926,20.4
"ATL24","ATL",1927,19
"ATL25","ATL",1928,18.9
"ATL26","ATL",1929,17.4
"ATL27","ATL",1930,14.5
"ATL28","ATL",1931,19.4
"ATL29","ATL",1932,24.6
"ATL30","ATL",1933,27.7
"ATL31","ATL",1934,25.9
"ATL32","ATL",1935,10.4
"ATL33","ATL",1936,25.5
"ATL34","ATL",1937,28.2
"ATL35","ATL",1938,23.2
"ATL36","ATL",1939,24.4
"ATL37","ATL",1940,21.5
"ATL38","ATL",1941,22.4
"ATL39","ATL",1942,21.6
"ATL40","ATL",1943,22
"ATL41","ATL",1944,23.9
"ATL42","ATL",1945,31.6
"ATL43","ATL",1946,36.5
"ATL44","ATL",1947,41.4
"ATL45","ATL",1948,50.9
"ATL46","ATL",1949,33.8
"ATL47","ATL",1950,37.1
"ATL48","ATL",1951,35
"ATL49","ATL",1952,22.6
"ATL50","ATL",1953,37.9
"ATL51","ATL",1954,36.5
"ATL52","ATL",1955,35.7
"ATL53","ATL",1956,41.6
"ATL54","ATL",1957,45.1
"ATL55","ATL",1958,47.9
"ATL56","ATL",1959,44
"ATL57","ATL",1960,37.6
"ATL58","ATL",1961,39.4
"ATL59","ATL",1962,42.6
"ATL60","ATL",1963,39.5
"ATL61","ATL",1964,44.1
"ATL62","ATL",1965,45.7
"ATL63","ATL",1966,48.6
"ATL64","ATL",1967,36.8
"ATL65","ATL",1968,39.8
"ATL66","ATL",1969,41.5
"ATL67","ATL",1970,38.1
"ATL68","ATL",1971,29.4
"ATL69","ATL",1972,31.5
"ATL70","ATL",1973,45.3
"ATL71","ATL",1974,47
"ATL72","ATL",1975,21.7
"ATL73","ATL",1976,22.3
"ATL74","ATL",1977,14.5
"ATL75","ATL",1978,22.9
"ATL76","ATL",1979,24.6
"ATL77","ATL",1980,27.6
"ATL78","ATL",1981,22.8
"ATL79","ATL",1982,34.9
"ATL80","ATL",1983,39.1
"ATL81","ATL",1984,29.6
"ATL82","ATL",1985,16
"ATL83","ATL",1986,27.5
"ATL84","ATL",1987,26.8
"ATL85","ATL",1988,17.2
"ATL86","ATL",1989,34.4
"ATL87","ATL",1990,30.8
"ATL88","ATL",1991,35.7
"ATL89","ATL",1992,46.9
"ATL90","ATL",1993,56.2
"ATL91","ATL",1994,38
"ATL92","ATL",1995,43.3
"ATL93","ATL",1996,58.1
"ATL94","ATL",1997,61.8
"ATL95","ATL",1998,65
"ATL96","ATL",1999,53.9
"ATL97","ATL",2000,49.9
"ATL98","ATL",2001,44.9
"ATL99","ATL",2002,43.5
"ATL100","ATL",2003,53.5
"ATL101","ATL",2004,49.1
"ATL102","ATL",2005,48
"ATL103","ATL",2006,37.1
"ATL104","ATL",2007,45.2
"ATL105","ATL",2008,38
"ATL106","ATL",2009,48.1
"ATL107","ATL",2010,43.5
"ATL108","ATL",2011,36.9
"ATL109","ATL",2012,47.5
"ATL110","ATL",2013,45.6
"ATL111","ATL",2014,35
"ATL112","ATL",2015,23.6
"ATL113","ATL",2016,27.1
"ATL114","ATL",2017,30.6
"CHC","CHC",1903,36.4
"CHC1","CHC",1904,36.4
"CHC2","CHC",1905,42.5
"CHC3","CHC",1906,54.8
"CHC4","CHC",1907,47.5
"CHC5","CHC",1908,45.9
"CHC6","CHC",1909,47.1
"CHC7","CHC",1910,46.5
"CHC8","CHC",1911,43.1
"CHC9","CHC",1912,41.6
"CHC10","CHC",1913,38
"CHC11","CHC",1914,31.3
"CHC12","CHC",1915,29.3
"CHC13","CHC",1916,34.4
"CHC14","CHC",1917,27.6
"CHC15","CHC",1918,38.2
"CHC16","CHC",1919,34.4
"CHC17","CHC",1920,31.1
"CHC18","CHC",1921,25.5
"CHC19","CHC",1922,32.1
"CHC20","CHC",1923,34.7
"CHC21","CHC",1924,25.5
"CHC22","CHC",1925,24.8
"CHC23","CHC",1926,39.2
"CHC24","CHC",1927,38.9
"CHC25","CHC",1928,42
"CHC26","CHC",1929,49.9
"CHC27","CHC",1930,44.5
"CHC28","CHC",1931,43.2
"CHC29","CHC",1932,36.9
"CHC30","CHC",1933,40.7
"CHC31","CHC",1934,37.4
"CHC32","CHC",1935,49.4
"CHC33","CHC",1936,42.5
"CHC34","CHC",1937,42.4
"CHC35","CHC",1938,38.7
"CHC36","CHC",1939,33.4
"CHC37","CHC",1940,38.6
"CHC38","CHC",1941,36.1
"CHC39","CHC",1942,33.4
"CHC40","CHC",1943,42
"CHC41","CHC",1944,35.1
"CHC42","CHC",1945,52.2
"CHC43","CHC",1946,35.4
"CHC44","CHC",1947,23.3
"CHC45","CHC",1948,29.1
"CHC46","CHC",1949,24.7
"CHC47","CHC",1950,23.2
"CHC48","CHC",1951,22.9
"CHC49","CHC",1952,36.1
"CHC50","CHC",1953,22.8
"CHC51","CHC",1954,31.6
"CHC52","CHC",1955,26.8
"CHC53","CHC",1956,22.5
"CHC54","CHC",1957,25.8
"CHC55","CHC",1958,35.2
"CHC56","CHC",1959,33.2
"CHC57","CHC",1960,23
"CHC58","CHC",1961,26.4
"CHC59","CHC",1962,22.1
"CHC60","CHC",1963,35.2
"CHC61","CHC",1964,33.7
"CHC62","CHC",1965,27.9
"CHC63","CHC",1966,28
"CHC64","CHC",1967,40.2
"CHC65","CHC",1968,35.6
"CHC66","CHC",1969,46.1
"CHC67","CHC",1970,48.3
"CHC68","CHC",1971,41
"CHC69","CHC",1972,43.9
"CHC70","CHC",1973,30.1
"CHC71","CHC",1974,25.5
"CHC72","CHC",1975,27.2
"CHC73","CHC",1976,26.7
"CHC74","CHC",1977,34
"CHC75","CHC",1978,27.1
"CHC76","CHC",1979,32.5
"CHC77","CHC",1980,20.8
"CHC78","CHC",1981,12.2
"CHC79","CHC",1982,28.9
"CHC80","CHC",1983,34.8
"CHC81","CHC",1984,46
"CHC82","CHC",1985,32.8
"CHC83","CHC",1986,29.8
"CHC84","CHC",1987,29.8
"CHC85","CHC",1988,33.8
"CHC86","CHC",1989,39.3
"CHC87","CHC",1990,27.7
"CHC88","CHC",1991,34.6
"CHC89","CHC",1992,31.9
"CHC90","CHC",1993,43.9
"CHC91","CHC",1994,19.3
"CHC92","CHC",1995,33.9
"CHC93","CHC",1996,35.1
"CHC94","CHC",1997,26.3
"CHC95","CHC",1998,39.7
"CHC96","CHC",1999,26.4
"CHC97","CHC",2000,28.7
"CHC98","CHC",2001,45.6
"CHC99","CHC",2002,38.1
"CHC100","CHC",2003,44.5
"CHC101","CHC",2004,50.6
"CHC102","CHC",2005,38.6
"CHC103","CHC",2006,29
"CHC104","CHC",2007,42.7
"CHC105","CHC",2008,52.1
"CHC106","CHC",2009,36.2
"CHC107","CHC",2010,32
"CHC108","CHC",2011,29.9
"CHC109","CHC",2012,23.8
"CHC110","CHC",2013,32.2
"CHC111","CHC",2014,40.4
"CHC112","CHC",2015,52.6
"CHC113","CHC",2016,60
"CHC114","CHC",2017,43.5
"CIN","CIN",1903,37.7
"CIN1","CIN",1904,40.2
"CIN2","CIN",1905,36.5
"CIN3","CIN",1906,30
"CIN4","CIN",1907,29.8
"CIN5","CIN",1908,24.9
"CIN6","CIN",1909,38.5
"CIN7","CIN",1910,31.5
"CIN8","CIN",1911,32.2
"CIN9","CIN",1912,27.6
"CIN10","CIN",1913,29.7
"CIN11","CIN",1914,27.9
"CIN12","CIN",1915,29.7
"CIN13","CIN",1916,28.5
"CIN14","CIN",1917,33.4
"CIN15","CIN",1918,30.6
"CIN16","CIN",1919,38.7
"CIN17","CIN",1920,34.1
"CIN18","CIN",1921,29.2
"CIN19","CIN",1922,41.3
"CIN20","CIN",1923,42.2
"CIN21","CIN",1924,44.2
"CIN22","CIN",1925,41.9
"CIN23","CIN",1926,49.5
"CIN24","CIN",1927,36.1
"CIN25","CIN",1928,29
"CIN26","CIN",1929,28.1
"CIN27","CIN",1930,24.3
"CIN28","CIN",1931,23.2
"CIN29","CIN",1932,29.6
"CIN30","CIN",1933,21
"CIN31","CIN",1934,21.3
"CIN32","CIN",1935,27.6
"CIN33","CIN",1936,32.8
"CIN34","CIN",1937,28.8
"CIN35","CIN",1938,39.8
"CIN36","CIN",1939,46.3
"CIN37","CIN",1940,47
"CIN38","CIN",1941,32.1
"CIN39","CIN",1942,33.9
"CIN40","CIN",1943,32.4
"CIN41","CIN",1944,36.7
"CIN42","CIN",1945,17.9
"CIN43","CIN",1946,32.2
"CIN44","CIN",1947,27.2
"CIN45","CIN",1948,22.6
"CIN46","CIN",1949,20.2
"CIN47","CIN",1950,22.6
"CIN48","CIN",1951,20.1
"CIN49","CIN",1952,26
"CIN50","CIN",1953,24.7
"CIN51","CIN",1954,26.4
"CIN52","CIN",1955,42.5
"CIN53","CIN",1956,44.2
"CIN54","CIN",1957,36.4
"CIN55","CIN",1958,35.6
"CIN56","CIN",1959,38
"CIN57","CIN",1960,35.1
"CIN58","CIN",1961,42
"CIN59","CIN",1962,42.3
"CIN60","CIN",1963,44
"CIN61","CIN",1964,44
"CIN62","CIN",1965,50.8
"CIN63","CIN",1966,27.5
"CIN64","CIN",1967,35.2
"CIN65","CIN",1968,36.8
"CIN66","CIN",1969,38.2
"CIN67","CIN",1970,49.9
"CIN68","CIN",1971,33.7
"CIN69","CIN",1972,44.6
"CIN70","CIN",1973,46.1
"CIN71","CIN",1974,56.7
"CIN72","CIN",1975,55.4
"CIN73","CIN",1976,60.5
"CIN74","CIN",1977,44.1
"CIN75","CIN",1978,39.4
"CIN76","CIN",1979,46.2
"CIN77","CIN",1980,39.4
"CIN78","CIN",1981,27.7
"CIN79","CIN",1982,25.6
"CIN80","CIN",1983,24.8
"CIN81","CIN",1984,23.2
"CIN82","CIN",1985,36.4
"CIN83","CIN",1986,34.8
"CIN84","CIN",1987,38.3
"CIN85","CIN",1988,42.3
"CIN86","CIN",1989,31.7
"CIN87","CIN",1990,44.7
"CIN88","CIN",1991,42.7
"CIN89","CIN",1992,44
"CIN90","CIN",1993,33
"CIN91","CIN",1994,35.4
"CIN92","CIN",1995,44.4
"CIN93","CIN",1996,32.8
"CIN94","CIN",1997,29.5
"CIN95","CIN",1998,33.8
"CIN96","CIN",1999,45.3
"CIN97","CIN",2000,40.9
"CIN98","CIN",2001,24.6
"CIN99","CIN",2002,31.3
"CIN100","CIN",2003,24.2
"CIN101","CIN",2004,26.7
"CIN102","CIN",2005,33.5
"CIN103","CIN",2006,37.9
"CIN104","CIN",2007,35.6
"CIN105","CIN",2008,29.2
"CIN106","CIN",2009,31
"CIN107","CIN",2010,50.1
"CIN108","CIN",2011,38.1
"CIN109","CIN",2012,48.5
"CIN110","CIN",2013,43.9
"CIN111","CIN",2014,34
"CIN112","CIN",2015,32.5
"CIN113","CIN",2016,19.8
"CIN114","CIN",2017,31.3
"COL","COL",1993,20.4
"COL1","COL",1994,14.3
"COL2","COL",1995,29.2
"COL3","COL",1996,30.8
"COL4","COL",1997,34.4
"COL5","COL",1998,34.8
"COL6","COL",1999,19.3
"COL7","COL",2000,37
"COL8","COL",2001,42.1
"COL9","COL",2002,23.2
"COL10","COL",2003,30.4
"COL11","COL",2004,27.8
"COL12","COL",2005,25.3
"COL13","COL",2006,37.4
"COL14","COL",2007,44
"COL15","COL",2008,31.9
"COL16","COL",2009,43
"COL17","COL",2010,39.8
"COL18","COL",2011,32.6
"COL19","COL",2012,21.3
"COL20","COL",2013,36.6
"COL21","COL",2014,29.6
"COL22","COL",2015,23.9
"COL23","COL",2016,35.9
"COL24","COL",2017,36.4
"FLA","FLA",1993,24.2
"FLA1","FLA",1994,20.8
"FLA2","FLA",1995,31.5
"FLA3","FLA",1996,41.4
"FLA4","FLA",1997,38.9
"FLA5","FLA",1998,16.1
"FLA6","FLA",1999,23.7
"FLA7","FLA",2000,31.7
"FLA8","FLA",2001,37.6
"FLA9","FLA",2002,33.4
"FLA10","FLA",2003,48.9
"FLA11","FLA",2004,37.6
"FLA12","FLA",2005,41.9
"FLA13","FLA",2006,35.9
"FLA14","FLA",2007,32.2
"FLA15","FLA",2008,38
"FLA16","FLA",2009,36.5
"FLA17","FLA",2010,37.6
"FLA18","FLA",2011,32.7
"FLA19","FLA",2012,31.9
"FLA20","FLA",2013,21.4
"FLA21","FLA",2014,34.5
"FLA22","FLA",2015,33.8
"FLA23","FLA",2016,38.4
"FLA24","FLA",2017,34.3
"HOU","HOU",1962,29
"HOU1","HOU",1963,23.5
"HOU2","HOU",1964,20.1
"HOU3","HOU",1965,30.6
"HOU4","HOU",1966,32.8
"HOU5","HOU",1967,33.6
"HOU6","HOU",1968,27.7
"HOU7","HOU",1969,40.3
"HOU8","HOU",1970,33
"HOU9","HOU",1971,35.3
"HOU10","HOU",1972,36.9
"HOU11","HOU",1973,35.6
"HOU12","HOU",1974,37.5
"HOU13","HOU",1975,27.6
"HOU14","HOU",1976,31.4
"HOU15","HOU",1977,41.8
"HOU16","HOU",1978,37.8
"HOU17","HOU",1979,37.3
"HOU18","HOU",1980,47.4
"HOU19","HOU",1981,34.3
"HOU20","HOU",1982,32.5
"HOU21","HOU",1983,40
"HOU22","HOU",1984,37.6
"HOU23","HOU",1985,34.1
"HOU24","HOU",1986,45.1
"HOU25","HOU",1987,34.1
"HOU26","HOU",1988,28.6
"HOU27","HOU",1989,33.1
"HOU28","HOU",1990,23.4
"HOU29","HOU",1991,27.4
"HOU30","HOU",1992,32.3
"HOU31","HOU",1993,47.2
"HOU32","HOU",1994,35.6
"HOU33","HOU",1995,40.7
"HOU34","HOU",1996,34.4
"HOU35","HOU",1997,50.8
"HOU36","HOU",1998,55.9
"HOU37","HOU",1999,55.8
"HOU38","HOU",2000,36.7
"HOU39","HOU",2001,39.7
"HOU40","HOU",2002,40.7
"HOU41","HOU",2003,45.6
"HOU42","HOU",2004,47.9
"HOU43","HOU",2005,43.5
"HOU44","HOU",2006,43.2
"HOU45","HOU",2007,28.2
"HOU46","HOU",2008,36.9
"HOU47","HOU",2009,28.9
"HOU48","HOU",2010,29.6
"HOU49","HOU",2011,24.6
"HOU50","HOU",2012,19.7
"HOU51","HOU",2013,10.3
"HOU52","HOU",2014,28.1
"HOU53","HOU",2015,46.6
"HOU54","HOU",2016,40.8
"HOU55","HOU",2017,55.8
"LAD","LAD",1903,33.3
"LAD1","LAD",1904,19.3
"LAD2","LAD",1905,12.2
"LAD3","LAD",1906,21.3
"LAD4","LAD",1907,20.2
"LAD5","LAD",1908,13.7
"LAD6","LAD",1909,15.4
"LAD7","LAD",1910,16.5
"LAD8","LAD",1911,18.8
"LAD9","LAD",1912,24.5
"LAD10","LAD",1913,34.7
"LAD11","LAD",1914,33.6
"LAD12","LAD",1915,18.7
"LAD13","LAD",1916,42.8
"LAD14","LAD",1917,25.8
"LAD15","LAD",1918,17.7
"LAD16","LAD",1919,27.5
"LAD17","LAD",1920,39.4
"LAD18","LAD",1921,26.5
"LAD19","LAD",1922,23.9
"LAD20","LAD",1923,33.6
"LAD21","LAD",1924,41.9
"LAD22","LAD",1925,30.7
"LAD23","LAD",1926,22.4
"LAD24","LAD",1927,19.7
"LAD25","LAD",1928,31.3
"LAD26","LAD",1929,29.2
"LAD27","LAD",1930,42.4
"LAD28","LAD",1931,33.2
"LAD29","LAD",1932,39.8
"LAD30","LAD",1933,25.9
"LAD31","LAD",1934,34.5
"LAD32","LAD",1935,29.8
"LAD33","LAD",1936,24
"LAD34","LAD",1937,27
"LAD35","LAD",1938,29.5
"LAD36","LAD",1939,37.8
"LAD37","LAD",1940,38.1
"LAD38","LAD",1941,54.3
"LAD39","LAD",1942,46.5
"LAD40","LAD",1943,35
"LAD41","LAD",1944,23.7
"LAD42","LAD",1945,40.4
"LAD43","LAD",1946,44
"LAD44","LAD",1947,45.6
"LAD45","LAD",1948,35.5
"LAD46","LAD",1949,50.6
"LAD47","LAD",1950,45.4
"LAD48","LAD",1951,52
"LAD49","LAD",1952,48
"LAD50","LAD",1953,56.6
"LAD51","LAD",1954,45.7
"LAD52","LAD",1955,52.1
"LAD53","LAD",1956,46.9
"LAD54","LAD",1957,40
"LAD55","LAD",1958,23.3
"LAD56","LAD",1959,37.5
"LAD57","LAD",1960,38.2
"LAD58","LAD",1961,34.9
"LAD59","LAD",1962,47.4
"LAD60","LAD",1963,42.4
"LAD61","LAD",1964,39.6
"LAD62","LAD",1965,42
"LAD63","LAD",1966,48.5
"LAD64","LAD",1967,30.1
"LAD65","LAD",1968,32.9
"LAD66","LAD",1969,41.7
"LAD67","LAD",1970,37.3
"LAD68","LAD",1971,42.6
"LAD69","LAD",1972,45.4
"LAD70","LAD",1973,45.1
"LAD71","LAD",1974,60.7
"LAD72","LAD",1975,52.6
"LAD73","LAD",1976,42.1
"LAD74","LAD",1977,55
"LAD75","LAD",1978,52
"LAD76","LAD",1979,43.5
"LAD77","LAD",1980,44.2
"LAD78","LAD",1981,32.7
"LAD79","LAD",1982,51.2
"LAD80","LAD",1983,43.2
"LAD81","LAD",1984,37.1
"LAD82","LAD",1985,50.4
"LAD83","LAD",1986,32.3
"LAD84","LAD",1987,32
"LAD85","LAD",1988,41.4
"LAD86","LAD",1989,37.6
"LAD87","LAD",1990,42.4
"LAD88","LAD",1991,40.7
"LAD89","LAD",1992,25.3
"LAD90","LAD",1993,30
"LAD91","LAD",1994,22.1
"LAD92","LAD",1995,39.5
"LAD93","LAD",1996,38.2
"LAD94","LAD",1997,37.7
"LAD95","LAD",1998,34.5
"LAD96","LAD",1999,36.8
"LAD97","LAD",2000,43.3
"LAD98","LAD",2001,37
"LAD99","LAD",2002,42.1
"LAD100","LAD",2003,40.9
"LAD101","LAD",2004,47.2
"LAD102","LAD",2005,29.4
"LAD103","LAD",2006,43.4
"LAD104","LAD",2007,41.8
"LAD105","LAD",2008,42.9
"LAD106","LAD",2009,47.7
"LAD107","LAD",2010,35.2
"LAD108","LAD",2011,43.1
"LAD109","LAD",2012,41.1
"LAD110","LAD",2013,52.7
"LAD111","LAD",2014,52.3
"LAD112","LAD",2015,50.2
"LAD113","LAD",2016,50.5
"LAD114","LAD",2017,58.2
"MIL","MIL",1969,20.4
"MIL1","MIL",1970,27.2
"MIL2","MIL",1971,25.7
"MIL3","MIL",1972,24.7
"MIL4","MIL",1973,30.7
"MIL5","MIL",1974,26
"MIL6","MIL",1975,17.2
"MIL7","MIL",1976,17.5
"MIL8","MIL",1977,21.2
"MIL9","MIL",1978,49.7
"MIL10","MIL",1979,42.7
"MIL11","MIL",1980,42.5
"MIL12","MIL",1981,22.7
"MIL13","MIL",1982,47.6
"MIL14","MIL",1983,34.6
"MIL15","MIL",1984,21.1
"MIL16","MIL",1985,17
"MIL17","MIL",1986,23.5
"MIL18","MIL",1987,37.6
"MIL19","MIL",1988,33.8
"MIL20","MIL",1989,26.4
"MIL21","MIL",1990,27.6
"MIL22","MIL",1991,28.8
"MIL23","MIL",1992,35.7
"MIL24","MIL",1993,22.8
"MIL25","MIL",1994,18.9
"MIL26","MIL",1995,18.7
"MIL27","MIL",1996,27.5
"MIL28","MIL",1997,29
"MIL29","MIL",1998,27.9
"MIL30","MIL",1999,29.3
"MIL31","MIL",2000,25.7
"MIL32","MIL",2001,23.5
"MIL33","MIL",2002,21.1
"MIL34","MIL",2003,22.3
"MIL35","MIL",2004,33.8
"MIL36","MIL",2005,39.3
"MIL37","MIL",2006,35.8
"MIL38","MIL",2007,45.6
"MIL39","MIL",2008,40.9
"MIL40","MIL",2009,31.9
"MIL41","MIL",2010,39.3
"MIL42","MIL",2011,50.9
"MIL43","MIL",2012,46.9
"MIL44","MIL",2013,33
"MIL45","MIL",2014,35.3
"MIL46","MIL",2015,26.6
"MIL47","MIL",2016,28.7
"MIL48","MIL",2017,37.4
"WSN","WSN",1969,20.4
"WSN1","WSN",1970,28.2
"WSN2","WSN",1971,23.2
"WSN3","WSN",1972,23.7
"WSN4","WSN",1973,36.1
"WSN5","WSN",1974,40.8
"WSN6","WSN",1975,27.4
"WSN7","WSN",1976,17.9
"WSN8","WSN",1977,34.9
"WSN9","WSN",1978,33
"WSN10","WSN",1979,42.5
"WSN11","WSN",1980,40.8
"WSN12","WSN",1981,33
"WSN13","WSN",1982,50.9
"WSN14","WSN",1983,47.7
"WSN15","WSN",1984,41.4
"WSN16","WSN",1985,41.4
"WSN17","WSN",1986,39.2
"WSN18","WSN",1987,38.9
"WSN19","WSN",1988,37.4
"WSN20","WSN",1989,34.9
"WSN21","WSN",1990,35.7
"WSN22","WSN",1991,30.1
"WSN23","WSN",1992,39.6
"WSN24","WSN",1993,39.2
"WSN25","WSN",1994,36.5
"WSN26","WSN",1995,30.3
"WSN27","WSN",1996,36
"WSN28","WSN",1997,35.7
"WSN29","WSN",1998,30.9
"WSN30","WSN",1999,30.4
"WSN31","WSN",2000,30.6
"WSN32","WSN",2001,25.6
"WSN33","WSN",2002,35
"WSN34","WSN",2003,32.3
"WSN35","WSN",2004,22.7
"WSN36","WSN",2005,36.1
"WSN37","WSN",2006,27.6
"WSN38","WSN",2007,22.7
"WSN39","WSN",2008,24.7
"WSN40","WSN",2009,24.2
"WSN41","WSN",2010,29.5
"WSN42","WSN",2011,31.5
"WSN43","WSN",2012,47.6
"WSN44","WSN",2013,41.1
"WSN45","WSN",2014,51.5
"WSN46","WSN",2015,43.4
"WSN47","WSN",2016,50.1
"WSN48","WSN",2017,49.5
"NYM","NYM",1962,13.6
"NYM1","NYM",1963,7.2
"NYM2","NYM",1964,18.3
"NYM3","NYM",1965,10.8
"NYM4","NYM",1966,11.7
"NYM5","NYM",1967,19.3
"NYM6","NYM",1968,33.3
"NYM7","NYM",1969,39.7
"NYM8","NYM",1970,43.1
"NYM9","NYM",1971,43.4
"NYM10","NYM",1972,26.8
"NYM11","NYM",1973,34.9
"NYM12","NYM",1974,30.5
"NYM13","NYM",1975,38.5
"NYM14","NYM",1976,47.4
"NYM15","NYM",1977,32
"NYM16","NYM",1978,27.6
"NYM17","NYM",1979,25.7
"NYM18","NYM",1980,20.3
"NYM19","NYM",1981,16.4
"NYM20","NYM",1982,17.2
"NYM21","NYM",1983,21.9
"NYM22","NYM",1984,36
"NYM23","NYM",1985,47
"NYM24","NYM",1986,55.4
"NYM25","NYM",1987,49
"NYM26","NYM",1988,55.7
"NYM27","NYM",1989,46.4
"NYM28","NYM",1990,53.3
"NYM29","NYM",1991,37.1
"NYM30","NYM",1992,31.7
"NYM31","NYM",1993,27.9
"NYM32","NYM",1994,19.2
"NYM33","NYM",1995,31.8
"NYM34","NYM",1996,38.3
"NYM35","NYM",1997,36.8
"NYM36","NYM",1998,37.8
"NYM37","NYM",1999,49.9
"NYM38","NYM",2000,46.5
"NYM39","NYM",2001,33
"NYM40","NYM",2002,33.6
"NYM41","NYM",2003,18.4
"NYM42","NYM",2004,27.4
"NYM43","NYM",2005,38.4
"NYM44","NYM",2006,48
"NYM45","NYM",2007,43.6
"NYM46","NYM",2008,43.4
"NYM47","NYM",2009,26.9
"NYM48","NYM",2010,32.6
"NYM49","NYM",2011,32.2
"NYM50","NYM",2012,33.8
"NYM51","NYM",2013,38.5
"NYM52","NYM",2014,34.9
"NYM53","NYM",2015,46.6
"NYM54","NYM",2016,46.4
"NYM55","NYM",2017,34
"PHI","PHI",1903,16.8
"PHI1","PHI",1904,18.4
"PHI2","PHI",1905,33.1
"PHI3","PHI",1906,25.7
"PHI4","PHI",1907,28.4
"PHI5","PHI",1908,36.7
"PHI6","PHI",1909,31
"PHI7","PHI",1910,34.1
"PHI8","PHI",1911,32
"PHI9","PHI",1912,31
"PHI10","PHI",1913,38.7
"PHI11","PHI",1914,32
"PHI12","PHI",1915,42.4
"PHI13","PHI",1916,38.7
"PHI14","PHI",1917,39.3
"PHI15","PHI",1918,16.3
"PHI16","PHI",1919,20.3
"PHI17","PHI",1920,22.3
"PHI18","PHI",1921,21.5
"PHI19","PHI",1922,26.3
"PHI20","PHI",1923,19.1
"PHI21","PHI",1924,20.6
"PHI22","PHI",1925,23.9
"PHI23","PHI",1926,21.4
"PHI24","PHI",1927,18.1
"PHI25","PHI",1928,11.5
"PHI26","PHI",1929,29
"PHI27","PHI",1930,16.7
"PHI28","PHI",1931,26
"PHI29","PHI",1932,37.1
"PHI30","PHI",1933,24.9
"PHI31","PHI",1934,22.4
"PHI32","PHI",1935,15
"PHI33","PHI",1936,26.9
"PHI34","PHI",1937,21.7
"PHI35","PHI",1938,13.9
"PHI36","PHI",1939,14.3
"PHI37","PHI",1940,20
"PHI38","PHI",1941,13.7
"PHI39","PHI",1942,8.8
"PHI40","PHI",1943,27.5
"PHI41","PHI",1944,31
"PHI42","PHI",1945,15.3
"PHI43","PHI",1946,25.3
"PHI44","PHI",1947,29.8
"PHI45","PHI",1948,24.5
"PHI46","PHI",1949,30.6
"PHI47","PHI",1950,36.6
"PHI48","PHI",1951,34.8
"PHI49","PHI",1952,45.8
"PHI50","PHI",1953,38.9
"PHI51","PHI",1954,39.5
"PHI52","PHI",1955,38.9
"PHI53","PHI",1956,30.8
"PHI54","PHI",1957,34.1
"PHI55","PHI",1958,35.2
"PHI56","PHI",1959,23
"PHI57","PHI",1960,21.5
"PHI58","PHI",1961,19
"PHI59","PHI",1962,31.2
"PHI60","PHI",1963,40.9
"PHI61","PHI",1964,37.8
"PHI62","PHI",1965,38.2
"PHI63","PHI",1966,37.4
"PHI64","PHI",1967,39.9
"PHI65","PHI",1968,25.1
"PHI66","PHI",1969,26.1
"PHI67","PHI",1970,24.9
"PHI68","PHI",1971,25.8
"PHI69","PHI",1972,27.8
"PHI70","PHI",1973,24
"PHI71","PHI",1974,33.9
"PHI72","PHI",1975,49.5
"PHI73","PHI",1976,56.4
"PHI74","PHI",1977,57.3
"PHI75","PHI",1978,51.4
"PHI76","PHI",1979,42.8
"PHI77","PHI",1980,46.6
"PHI78","PHI",1981,29.3
"PHI79","PHI",1982,44.1
"PHI80","PHI",1983,41.7
"PHI81","PHI",1984,48.6
"PHI82","PHI",1985,28.8
"PHI83","PHI",1986,35.1
"PHI84","PHI",1987,31.2
"PHI85","PHI",1988,17.5
"PHI86","PHI",1989,23.5
"PHI87","PHI",1990,32.4
"PHI88","PHI",1991,25.8
"PHI89","PHI",1992,34
"PHI90","PHI",1993,48.7
"PHI91","PHI",1994,21.8
"PHI92","PHI",1995,29.6
"PHI93","PHI",1996,30.6
"PHI94","PHI",1997,28.5
"PHI95","PHI",1998,32.1
"PHI96","PHI",1999,33.3
"PHI97","PHI",2000,28.9
"PHI98","PHI",2001,37.7
"PHI99","PHI",2002,39.3
"PHI100","PHI",2003,44.6
"PHI101","PHI",2004,43.5
"PHI102","PHI",2005,48
"PHI103","PHI",2006,44
"PHI104","PHI",2007,46.1
"PHI105","PHI",2008,50.4
"PHI106","PHI",2009,46.5
"PHI107","PHI",2010,45.1
"PHI108","PHI",2011,54
"PHI109","PHI",2012,44.2
"PHI110","PHI",2013,25.3
"PHI111","PHI",2014,34.1
"PHI112","PHI",2015,22.9
"PHI113","PHI",2016,29.5
"PHI114","PHI",2017,31.1
"PIT","PIT",1903,46.9
"PIT1","PIT",1904,39.7
"PIT2","PIT",1905,41.4
"PIT3","PIT",1906,44.6
"PIT4","PIT",1907,41.5
"PIT5","PIT",1908,39.4
"PIT6","PIT",1909,53.1
"PIT7","PIT",1910,37.8
"PIT8","PIT",1911,44.1
"PIT9","PIT",1912,44.7
"PIT10","PIT",1913,33.8
"PIT11","PIT",1914,27.8
"PIT12","PIT",1915,36
"PIT13","PIT",1916,28.7
"PIT14","PIT",1917,24.3
"PIT15","PIT",1918,32.9
"PIT16","PIT",1919,31.6
"PIT17","PIT",1920,33.4
"PIT18","PIT",1921,39.1
"PIT19","PIT",1922,43
"PIT20","PIT",1923,42.1
"PIT21","PIT",1924,45.8
"PIT22","PIT",1925,47
"PIT23","PIT",1926,39.7
"PIT24","PIT",1927,45.8
"PIT25","PIT",1928,43.1
"PIT26","PIT",1929,39.2
"PIT27","PIT",1930,28.4
"PIT28","PIT",1931,28.4
"PIT29","PIT",1932,32.3
"PIT30","PIT",1933,39.9
"PIT31","PIT",1934,32.6
"PIT32","PIT",1935,43.1
"PIT33","PIT",1936,40.8
"PIT34","PIT",1937,39.2
"PIT35","PIT",1938,42
"PIT36","PIT",1939,32.4
"PIT37","PIT",1940,37.5
"PIT38","PIT",1941,36.1
"PIT39","PIT",1942,28.2
"PIT40","PIT",1943,41.2
"PIT41","PIT",1944,39.3
"PIT42","PIT",1945,42.1
"PIT43","PIT",1946,30.8
"PIT44","PIT",1947,27.4
"PIT45","PIT",1948,33.1
"PIT46","PIT",1949,28.3
"PIT47","PIT",1950,28.6
"PIT48","PIT",1951,27.6
"PIT49","PIT",1952,14.3
"PIT50","PIT",1953,17.8
"PIT51","PIT",1954,18
"PIT52","PIT",1955,19.4
"PIT53","PIT",1956,24.6
"PIT54","PIT",1957,30.5
"PIT55","PIT",1958,39.4
"PIT56","PIT",1959,33.2
"PIT57","PIT",1960,52.1
"PIT58","PIT",1961,39
"PIT59","PIT",1962,40.6
"PIT60","PIT",1963,37.3
"PIT61","PIT",1964,41.2
"PIT62","PIT",1965,48
"PIT63","PIT",1966,48.8
"PIT64","PIT",1967,37
"PIT65","PIT",1968,44
"PIT66","PIT",1969,52.3
"PIT67","PIT",1970,44.8
"PIT68","PIT",1971,51.4
"PIT69","PIT",1972,51.6
"PIT70","PIT",1973,36.2
"PIT71","PIT",1974,47.6
"PIT72","PIT",1975,48.1
"PIT73","PIT",1976,44.1
"PIT74","PIT",1977,45.8
"PIT75","PIT",1978,38.2
"PIT76","PIT",1979,44.5
"PIT77","PIT",1980,38.6
"PIT78","PIT",1981,18.6
"PIT79","PIT",1982,43.4
"PIT80","PIT",1983,39.8
"PIT81","PIT",1984,38.6
"PIT82","PIT",1985,28.8
"PIT83","PIT",1986,32.8
"PIT84","PIT",1987,41.3
"PIT85","PIT",1988,39.7
"PIT86","PIT",1989,35.4
"PIT87","PIT",1990,48.3
"PIT88","PIT",1991,51.2
"PIT89","PIT",1992,41.2
"PIT90","PIT",1993,32.2
"PIT91","PIT",1994,17.9
"PIT92","PIT",1995,20.8
"PIT93","PIT",1996,27.6
"PIT94","PIT",1997,29.1
"PIT95","PIT",1998,28.3
"PIT96","PIT",1999,36.4
"PIT97","PIT",2000,30.3
"PIT98","PIT",2001,23
"PIT99","PIT",2002,23.6
"PIT100","PIT",2003,33
"PIT101","PIT",2004,30.9
"PIT102","PIT",2005,25.1
"PIT103","PIT",2006,25.5
"PIT104","PIT",2007,28.3
"PIT105","PIT",2008,21
"PIT106","PIT",2009,26.7
"PIT107","PIT",2010,15.8
"PIT108","PIT",2011,21.8
"PIT109","PIT",2012,29.5
"PIT110","PIT",2013,46.2
"PIT111","PIT",2014,40.4
"PIT112","PIT",2015,46.2
"PIT113","PIT",2016,30.2
"PIT114","PIT",2017,29.5
"STL","STL",1903,12.6
"STL1","STL",1904,36.7
"STL2","STL",1905,18.5
"STL3","STL",1906,22.2
"STL4","STL",1907,16.8
"STL5","STL",1908,14
"STL6","STL",1909,24.2
"STL7","STL",1910,25.8
"STL8","STL",1911,27.5
"STL9","STL",1912,24.7
"STL10","STL",1913,20.2
"STL11","STL",1914,34.8
"STL12","STL",1915,32.7
"STL13","STL",1916,17.7
"STL14","STL",1917,32.8
"STL15","STL",1918,26.1
"STL16","STL",1919,23.1
"STL17","STL",1920,37
"STL18","STL",1921,43.7
"STL19","STL",1922,36.5
"STL20","STL",1923,33.9
"STL21","STL",1924,32
"STL22","STL",1925,39.1
"STL23","STL",1926,42.1
"STL24","STL",1927,42.9
"STL25","STL",1928,43.2
"STL26","STL",1929,33.2
"STL27","STL",1930,46.5
"STL28","STL",1931,43.3
"STL29","STL",1932,31.8
"STL30","STL",1933,38.9
"STL31","STL",1934,43.7
"STL32","STL",1935,44.4
"STL33","STL",1936,35.1
"STL34","STL",1937,33.1
"STL35","STL",1938,34.4
"STL36","STL",1939,48
"STL37","STL",1940,39.2
"STL38","STL",1941,46.2
"STL39","STL",1942,54
"STL40","STL",1943,56.8
"STL41","STL",1944,59.5
"STL42","STL",1945,43
"STL43","STL",1946,45.8
"STL44","STL",1947,42.4
"STL45","STL",1948,40.3
"STL46","STL",1949,49.3
"STL47","STL",1950,35.6
"STL48","STL",1951,39.9
"STL49","STL",1952,44.7
"STL50","STL",1953,41.7
"STL51","STL",1954,37.5
"STL52","STL",1955,26
"STL53","STL",1956,36.7
"STL54","STL",1957,38.8
"STL55","STL",1958,29.6
"STL56","STL",1959,34.8
"STL57","STL",1960,36.7
"STL58","STL",1961,41.8
"STL59","STL",1962,45.9
"STL60","STL",1963,53.1
"STL61","STL",1964,43.4
"STL62","STL",1965,34.9
"STL63","STL",1966,36.5
"STL64","STL",1967,48.4
"STL65","STL",1968,44.7
"STL66","STL",1969,41.7
"STL67","STL",1970,38.8
"STL68","STL",1971,40.2
"STL69","STL",1972,38.5
"STL70","STL",1973,42.3
"STL71","STL",1974,39.8
"STL72","STL",1975,36.8
"STL73","STL",1976,30.2
"STL74","STL",1977,30.7
"STL75","STL",1978,28.5
"STL76","STL",1979,40.4
"STL77","STL",1980,39.8
"STL78","STL",1981,29.4
"STL79","STL",1982,39.5
"STL80","STL",1983,37.9
"STL81","STL",1984,34.6
"STL82","STL",1985,52.7
"STL83","STL",1986,29
"STL84","STL",1987,39.4
"STL85","STL",1988,34.4
"STL86","STL",1989,48
"STL87","STL",1990,40.7
"STL88","STL",1991,36.3
"STL89","STL",1992,38.8
"STL90","STL",1993,37.5
"STL91","STL",1994,22.9
"STL92","STL",1995,26
"STL93","STL",1996,38.7
"STL94","STL",1997,44.6
"STL95","STL",1998,45.1
"STL96","STL",1999,36.7
"STL97","STL",2000,48.7
"STL98","STL",2001,45.2
"STL99","STL",2002,45.3
"STL100","STL",2003,44.7
"STL101","STL",2004,53.3
"STL102","STL",2005,46.2
"STL103","STL",2006,33.4
"STL104","STL",2007,31.8
"STL105","STL",2008,45.9
"STL106","STL",2009,46.1
"STL107","STL",2010,40.9
"STL108","STL",2011,43.6
"STL109","STL",2012,48
"STL110","STL",2013,45.2
"STL111","STL",2014,42.2
"STL112","STL",2015,46.8
"STL113","STL",2016,41.3
"STL114","STL",2017,43.9
"SDP","SDP",1969,14
"SDP1","SDP",1970,25.9
"SDP2","SDP",1971,25
"SDP3","SDP",1972,12
"SDP4","SDP",1973,13.1
"SDP5","SDP",1974,13.1
"SDP6","SDP",1975,20.4
"SDP7","SDP",1976,28.9
"SDP8","SDP",1977,22.8
"SDP9","SDP",1978,36.9
"SDP10","SDP",1979,29.2
"SDP11","SDP",1980,31.9
"SDP12","SDP",1981,14.2
"SDP13","SDP",1982,31.7
"SDP14","SDP",1983,27.6
"SDP15","SDP",1984,33.5
"SDP16","SDP",1985,35.9
"SDP17","SDP",1986,28.2
"SDP18","SDP",1987,31.7
"SDP19","SDP",1988,39.2
"SDP20","SDP",1989,34.1
"SDP21","SDP",1990,34
"SDP22","SDP",1991,41.5
"SDP23","SDP",1992,46.1
"SDP24","SDP",1993,22.6
"SDP25","SDP",1994,24.1
"SDP26","SDP",1995,26.7
"SDP27","SDP",1996,45.7
"SDP28","SDP",1997,24.5
"SDP29","SDP",1998,41.2
"SDP30","SDP",1999,31.7
"SDP31","SDP",2000,28.3
"SDP32","SDP",2001,30.9
"SDP33","SDP",2002,30.9
"SDP34","SDP",2003,28.2
"SDP35","SDP",2004,44
"SDP36","SDP",2005,39.9
"SDP37","SDP",2006,44.9
"SDP38","SDP",2007,41.1
"SDP39","SDP",2008,32.2
"SDP40","SDP",2009,35.3
"SDP41","SDP",2010,42
"SDP42","SDP",2011,35
"SDP43","SDP",2012,32.5
"SDP44","SDP",2013,31.6
"SDP45","SDP",2014,29.4
"SDP46","SDP",2015,28.2
"SDP47","SDP",2016,29
"SDP48","SDP",2017,21.1
"SFG","SFG",1903,37.6
"SFG1","SFG",1904,54.9
"SFG2","SFG",1905,61.4
"SFG3","SFG",1906,47.9
"SFG4","SFG",1907,42.1
"SFG5","SFG",1908,56.2
"SFG6","SFG",1909,47.3
"SFG7","SFG",1910,51.1
"SFG8","SFG",1911,56
"SFG9","SFG",1912,51.7
"SFG10","SFG",1913,48.9
"SFG11","SFG",1914,43.6
"SFG12","SFG",1915,30.3
"SFG13","SFG",1916,40.5
"SFG14","SFG",1917,46.7
"SFG15","SFG",1918,30.5
"SFG16","SFG",1919,38.3
"SFG17","SFG",1920,42.8
"SFG18","SFG",1921,46.3
"SFG19","SFG",1922,48.9
"SFG20","SFG",1923,42.9
"SFG21","SFG",1924,45.7
"SFG22","SFG",1925,31.3
"SFG23","SFG",1926,33.4
"SFG24","SFG",1927,44.6
"SFG25","SFG",1928,48.2
"SFG26","SFG",1929,41.6
"SFG27","SFG",1930,45
"SFG28","SFG",1931,42.2
"SFG29","SFG",1932,26.9
"SFG30","SFG",1933,38.7
"SFG31","SFG",1934,40.9
"SFG32","SFG",1935,38.2
"SFG33","SFG",1936,40.9
"SFG34","SFG",1937,42.5
"SFG35","SFG",1938,36.9
"SFG36","SFG",1939,33
"SFG37","SFG",1940,30.3
"SFG38","SFG",1941,29.8
"SFG39","SFG",1942,35.3
"SFG40","SFG",1943,17.7
"SFG41","SFG",1944,24.4
"SFG42","SFG",1945,37.3
"SFG43","SFG",1946,26.9
"SFG44","SFG",1947,39.7
"SFG45","SFG",1948,33.8
"SFG46","SFG",1949,36.6
"SFG47","SFG",1950,39.9
"SFG48","SFG",1951,45.4
"SFG49","SFG",1952,38
"SFG50","SFG",1953,30.1
"SFG51","SFG",1954,43.3
"SFG52","SFG",1955,29.9
"SFG53","SFG",1956,27.8
"SFG54","SFG",1957,28.4
"SFG55","SFG",1958,34.2
"SFG56","SFG",1959,38
"SFG57","SFG",1960,36.6
"SFG58","SFG",1961,38.2
"SFG59","SFG",1962,51.5
"SFG60","SFG",1963,46.2
"SFG61","SFG",1964,39.5
"SFG62","SFG",1965,44.6
"SFG63","SFG",1966,44.6
"SFG64","SFG",1967,45.1
"SFG65","SFG",1968,42.4
"SFG66","SFG",1969,43.9
"SFG67","SFG",1970,38.3
"SFG68","SFG",1971,42.4
"SFG69","SFG",1972,32.6
"SFG70","SFG",1973,40
"SFG71","SFG",1974,25.8
"SFG72","SFG",1975,29.9
"SFG73","SFG",1976,25.4
"SFG74","SFG",1977,30.6
"SFG75","SFG",1978,39
"SFG76","SFG",1979,17.2
"SFG77","SFG",1980,24.8
"SFG78","SFG",1981,22.9
"SFG79","SFG",1982,33.8
"SFG80","SFG",1983,32.7
"SFG81","SFG",1984,26.4
"SFG82","SFG",1985,25.7
"SFG83","SFG",1986,42.1
"SFG84","SFG",1987,43.9
"SFG85","SFG",1988,43.5
"SFG86","SFG",1989,43.2
"SFG87","SFG",1990,34.4
"SFG88","SFG",1991,31.4
"SFG89","SFG",1992,28.3
"SFG90","SFG",1993,49.7
"SFG91","SFG",1994,22.1
"SFG92","SFG",1995,29
"SFG93","SFG",1996,29
"SFG94","SFG",1997,39.6
"SFG95","SFG",1998,45.3
"SFG96","SFG",1999,34.6
"SFG97","SFG",2000,51.2
"SFG98","SFG",2001,51.1
"SFG99","SFG",2002,56.4
"SFG100","SFG",2003,47.5
"SFG101","SFG",2004,42.1
"SFG102","SFG",2005,30.3
"SFG103","SFG",2006,32.3
"SFG104","SFG",2007,31.1
"SFG105","SFG",2008,31.2
"SFG106","SFG",2009,39.9
"SFG107","SFG",2010,47.6
"SFG108","SFG",2011,39.8
"SFG109","SFG",2012,44.4
"SFG110","SFG",2013,38.7
"SFG111","SFG",2014,37.2
"SFG112","SFG",2015,43.5
"SFG113","SFG",2016,45.8
"SFG114","SFG",2017,28.2
